Lag,ACF
0,1.0
1,0.025952430259264015
2,0.13656304889610185
3,0.10041204511469719
4,-0.01721389203340944
5,-0.0674230519652168
6,-0.00879896701964173
7,0.09086626603285226
8,-0.006973253448314084
9,0.02582415093455088
10,-0.05159206904118908
11,0.020785234891414428
12,-0.2303087237674952
13,-0.06745367751632077
14,-0.03625771646593248
15,-0.13039611127071238
16,0.06226705306970135
17,-0.03426511409930387
18,-0.004360757863103759
19,0.008687052176266582
20,0.006047697986447182
21,-0.051378439247452126
22,-0.12429822276020988
23,0.01212995817860016
24,-0.25939656017314516
