Lag,ACF,PACF
0,1.0,1.0
1,0.025952430259264015,0.025952430259263984
2,0.13656304889610185,0.1359811074295979
3,0.10041204511469719,0.09565273343292888
4,-0.01721389203340944,-0.04004524017003644
5,-0.0674230519652168,-0.09609948692476722
6,-0.00879896701964173,-0.009161230899284603
7,0.09086626603285226,0.12476295359039012
8,-0.006973253448314084,0.010661385744756663
9,0.02582415093455088,-0.00967689121336121
10,-0.05159206904118908,-0.0883684742015249
11,0.020785234891414428,0.025422698164146083
12,-0.2303087237674952,-0.2046957525982464
13,-0.06745367751632077,-0.0551765090702584
14,-0.03625771646593248,0.011614092785515062
15,-0.13039611127071238,-0.0787671486420372
16,0.06226705306970135,0.0731792577520426
17,-0.03426511409930387,-0.03705961226241144
18,-0.004360757863103759,-0.02268568219089223
19,0.008687052176266582,0.0437931407559674
20,0.006047697986447182,0.011624006945438923
21,-0.051378439247452126,-0.03865599043863848
22,-0.12429822276020988,-0.1546680688695799
23,0.01212995817860016,0.02079173697448946
