Month,Airline,Forecasted_Passengers
2026-10-01,Emirates,738159.3002227842
2026-11-01,Emirates,785273.7709006256
2026-12-01,Emirates,804746.5472376202
2027-01-01,Emirates,747338.3187079991
2027-02-01,Emirates,723900.6056155429
2027-03-01,Emirates,795825.123974179
2027-04-01,Emirates,779560.575832753
2027-05-01,Emirates,741484.9209711519
2027-06-01,Emirates,705082.2309476888
2027-07-01,Emirates,734491.0182742565
2027-08-01,Emirates,732808.9504418732
2027-09-01,Emirates,724368.4147250253
2026-10-01,Qatar Airways,294383.841876492
2026-11-01,Qatar Airways,307056.78414180386
2026-12-01,Qatar Airways,318007.2711412836
2027-01-01,Qatar Airways,300191.07725159853
2027-02-01,Qatar Airways,287452.16024986835
2027-03-01,Qatar Airways,314063.28753211355
2027-04-01,Qatar Airways,298437.1290690384
2027-05-01,Qatar Airways,296675.44902486366
2027-06-01,Qatar Airways,279867.67517392116
2027-07-01,Qatar Airways,285047.33360176045
2027-08-01,Qatar Airways,293661.1428592831
2027-09-01,Qatar Airways,282652.89754552726
2026-10-01,Etihad Airways,439773.8374619161
2026-11-01,Etihad Airways,457903.7930064078
2026-12-01,Etihad Airways,468864.44738092716
2027-01-01,Etihad Airways,441779.8012270531
2027-02-01,Etihad Airways,439680.05005554215
2027-03-01,Etihad Airways,464823.41272292286
2027-04-01,Etihad Airways,453070.89815054165
2027-05-01,Etihad Airways,440130.4489494229
2027-06-01,Etihad Airways,425963.0113793492
2027-07-01,Etihad Airways,427341.395447373
2027-08-01,Etihad Airways,442939.1172103264
2027-09-01,Etihad Airways,425616.22251827654
2026-10-01,Singapore Airlines,330474.41160012234
2026-11-01,Singapore Airlines,342325.9149944267
2026-12-01,Singapore Airlines,352037.4394108917
2027-01-01,Singapore Airlines,340999.3307033157
2027-02-01,Singapore Airlines,326853.82027410244
2027-03-01,Singapore Airlines,348121.5437029149
2027-04-01,Singapore Airlines,348910.673194245
2027-05-01,Singapore Airlines,332089.64287562255
2027-06-01,Singapore Airlines,318395.0394394088
2027-07-01,Singapore Airlines,328055.070208399
2027-08-01,Singapore Airlines,330490.3648915377
2027-09-01,Singapore Airlines,330668.09604241693
2026-10-01,SriLankan Airlines,161593.9442742363
2026-11-01,SriLankan Airlines,167180.45842996097
2026-12-01,SriLankan Airlines,173782.72886605625
2027-01-01,SriLankan Airlines,165600.85570448663
2027-02-01,SriLankan Airlines,162847.79587472338
2027-03-01,SriLankan Airlines,171356.4413278527
2027-04-01,SriLankan Airlines,168058.96478029652
2027-05-01,SriLankan Airlines,162390.39952357268
2027-06-01,SriLankan Airlines,155227.4526673974
2027-07-01,SriLankan Airlines,159702.7584207363
2027-08-01,SriLankan Airlines,158660.62275983786
2027-09-01,SriLankan Airlines,159010.36335326894
2026-10-01,British Airways,166100.50382328164
2026-11-01,British Airways,172374.2392942065
2026-12-01,British Airways,175956.83738546612
2027-01-01,British Airways,169540.9425950932
2027-02-01,British Airways,164113.94589842716
2027-03-01,British Airways,175271.66811580944
2027-04-01,British Airways,172816.21469538292
2027-05-01,British Airways,165405.09792005576
2027-06-01,British Airways,160409.95608089125
2027-07-01,British Airways,165874.80504043994
2027-08-01,British Airways,166445.95090747954
2027-09-01,British Airways,164291.54011799744
2026-10-01,Lufthansa,177912.66739631022
2026-11-01,Lufthansa,187410.77662647204
2026-12-01,Lufthansa,194332.1528812271
2027-01-01,Lufthansa,186788.71315457585
2027-02-01,Lufthansa,179234.12735474829
2027-03-01,Lufthansa,192145.0359214755
2027-04-01,Lufthansa,186540.99353548756
2027-05-01,Lufthansa,179274.12120822957
2027-06-01,Lufthansa,167830.98167655588
2027-07-01,Lufthansa,176283.13226892956
2027-08-01,Lufthansa,180717.14046140146
2027-09-01,Lufthansa,176186.4754001427
2026-10-01,Malaysia Airlines,191302.82911998933
2026-11-01,Malaysia Airlines,197301.40100697547
2026-12-01,Malaysia Airlines,201563.1327729305
2027-01-01,Malaysia Airlines,193714.66905847462
2027-02-01,Malaysia Airlines,185450.01558893913
2027-03-01,Malaysia Airlines,202104.9983908323
2027-04-01,Malaysia Airlines,194211.5703058831
2027-05-01,Malaysia Airlines,186449.38322730854
2027-06-01,Malaysia Airlines,180931.36818104776
2027-07-01,Malaysia Airlines,181632.13708892715
2027-08-01,Malaysia Airlines,187095.49130336006
2027-09-01,Malaysia Airlines,182830.11311862504
2026-10-01,Thai Airways,168618.42836636055
2026-11-01,Thai Airways,178316.3674875405
2026-12-01,Thai Airways,183315.47587908478
2027-01-01,Thai Airways,174200.07817701466
2027-02-01,Thai Airways,170336.10324649647
2027-03-01,Thai Airways,182973.4761616534
2027-04-01,Thai Airways,177341.15451814033
2027-05-01,Thai Airways,172702.2588644749
2027-06-01,Thai Airways,168032.5355972551
2027-07-01,Thai Airways,167562.5893418163
2027-08-01,Thai Airways,172968.96231650354
2027-09-01,Thai Airways,170690.54759911526
2026-10-01,Air Arabia,251361.32590019132
2026-11-01,Air Arabia,254926.53861711058
2026-12-01,Air Arabia,259156.50214809013
2027-01-01,Air Arabia,250710.28973156313
2027-02-01,Air Arabia,243681.1058540146
2027-03-01,Air Arabia,260661.45060120078
2027-04-01,Air Arabia,255222.61956778148
2027-05-01,Air Arabia,247804.88568419858
2027-06-01,Air Arabia,241108.66501770995
2027-07-01,Air Arabia,239726.72336236542
2027-08-01,Air Arabia,245522.96892178725
2027-09-01,Air Arabia,243518.90399754856
2026-10-01,Oman Air,162658.47628282892
2026-11-01,Oman Air,165705.89157342663
2026-12-01,Oman Air,170302.2613634614
2027-01-01,Oman Air,162051.08435701043
2027-02-01,Oman Air,155901.85798561154
2027-03-01,Oman Air,170208.20604594494
2027-04-01,Oman Air,166623.07383617098
2027-05-01,Oman Air,162454.77791851392
2027-06-01,Oman Air,153239.26488934064
2027-07-01,Oman Air,157712.07507864945
2027-08-01,Oman Air,161988.1482730281
2027-09-01,Oman Air,154284.08950463502
2026-10-01,Saudia,156461.5687750501
2026-11-01,Saudia,165628.33107723063
2026-12-01,Saudia,172630.29374431536
2027-01-01,Saudia,161528.44796054883
2027-02-01,Saudia,155926.9220121323
2027-03-01,Saudia,168343.18622263335
2027-04-01,Saudia,160420.04455591718
2027-05-01,Saudia,156802.17768814586
2027-06-01,Saudia,153168.04902202936
2027-07-01,Saudia,155825.20362567605
2027-08-01,Saudia,156007.05881293566
2027-09-01,Saudia,153108.97814331457
