Lag,PACF
0,1.0
1,0.025952430259263984
2,0.1359811074295979
3,0.09565273343292888
4,-0.04004524017003644
5,-0.09609948692476722
6,-0.009161230899284603
7,0.12476295359039012
8,0.010661385744756663
9,-0.00967689121336121
10,-0.0883684742015249
11,0.025422698164146083
12,-0.2046957525982464
13,-0.0551765090702584
14,0.011614092785515062
15,-0.0787671486420372
16,0.0731792577520426
17,-0.03705961226241144
18,-0.02268568219089223
19,0.0437931407559674
20,0.011624006945438923
21,-0.03865599043863848
22,-0.1546680688695799
23,0.02079173697448946
24,-0.2818610999372607
