Month,Emirates,Qatar Airways,Etihad Airways,Singapore Airlines,SriLankan Airlines,British Airways,Lufthansa,Malaysia Airlines,Thai Airways,Air Arabia,Oman Air,Saudia
2016-01,410859,165618,249083,186690,88567,89639,100906,103045,94723,137030,93244,90074
2016-02,391695,164874,237285,173051,88468,86368,97914,99136,90418,131612,89819,84813
2016-03,431349,178412,263955,196585,98375,98407,111229,109443,99871,145881,98733,96420
2016-04,416456,169761,247267,189684,94998,94661,101584,106282,96971,142687,95214,91085
2016-05,409211,167185,244414,183693,88433,90292,98760,101353,93280,141391,89399,89417
2016-06,370948,157052,230750,173678,87032,87159,93656,96213,90074,129835,83959,81464
2016-07,389030,164853,238529,179932,88178,89115,98558,99769,92482,133120,88281,85404
2016-08,391316,166634,238502,179716,90615,90560,99712,101250,92029,136011,87109,84675
2016-09,381915,158694,236998,172905,87287,89940,95772,100542,89195,132752,86382,84531
2016-10,450101,177447,268764,200058,98538,97010,109384,111383,103247,151070,102475,95975
2016-11,456560,192738,280859,214084,106056,105157,117615,115443,106614,155771,103752,98609
2016-12,492430,200292,285072,214737,109985,111018,124263,129956,113738,162863,105171,106350
2017-01,428203,178151,258487,194743,99492,97895,106760,108160,97730,146707,97524,97476
2017-02,417046,174895,247996,182943,91841,92245,106437,103965,97936,139402,95032,91077
2017-03,460997,190810,274773,209368,102999,101559,111280,117614,110247,157903,103628,101017
2017-04,454241,184036,264954,203363,100465,102452,109705,110079,100378,155644,102789,96168
2017-05,426974,182255,253434,190050,97699,95894,105917,108722,100302,150138,96738,94548
2017-06,391811,167889,240970,178766,89943,90838,101884,100717,94388,137348,90849,90036
2017-07,424768,177948,252322,186639,94123,94916,103978,104615,97711,143868,98786,94545
2017-08,418784,174765,249068,189052,96085,97616,103413,106600,94812,144430,93715,91579
2017-09,409503,171563,242327,181994,97047,91299,100486,109014,101525,138717,92845,91006
2017-10,486219,191309,282359,214818,106756,105210,115898,116635,108875,159829,106370,101485
2017-11,498860,208041,298346,223646,111226,111120,120290,126172,114503,174819,114266,108282
2017-12,510664,209582,318093,233724,117317,112660,129698,132394,117664,174847,116864,112666
2018-01,458084,189855,275715,207462,106187,98668,112974,117166,107353,155789,100176,100701
2018-02,454619,177087,269308,196919,98936,97168,107976,114442,103312,154847,101144,96608
2018-03,505278,203949,299041,218925,110182,108668,122850,121615,115200,166277,112370,107939
2018-04,485717,196811,274860,211041,103419,104662,119024,120649,107684,157253,105710,100001
2018-05,450103,189242,279723,206936,98125,102907,112397,116413,108721,149408,101258,100098
2018-06,418839,182799,261011,196640,95849,98263,108259,109798,100390,147542,95339,93471
2018-07,444585,185409,272957,196475,99920,102816,108367,111394,103752,154141,100166,99233
2018-08,457659,188983,273782,210976,100872,97595,114251,113368,104715,157120,98326,95773
2018-09,428202,179512,267284,199959,99538,96526,104113,111934,101372,151407,100296,96089
2018-10,506535,207249,303411,221654,111888,112649,124932,125837,116959,169373,112014,110252
2018-11,505388,211462,306864,225615,116316,119342,128487,133421,123935,182796,117607,116731
2018-12,549598,223216,326477,239943,121286,122462,137139,143470,124067,188193,120947,120299
2019-01,491773,196894,301430,219052,109668,108600,120018,125983,113915,168877,111453,109707
2019-02,469048,189758,289313,210775,108147,106752,116006,120451,113283,166749,106152,102896
2019-03,534559,213303,317291,235490,118466,116033,125503,128037,119154,177125,117178,117975
2019-04,513446,204335,304679,224519,112509,113465,125414,126900,118971,167932,113101,114557
2019-05,489650,206635,293805,221399,109442,109218,118470,124648,111355,168088,111694,106719
2019-06,459094,192166,276010,210819,100247,103038,109622,113890,109635,159700,102321,97607
2019-07,451740,195178,299518,216074,106118,108095,114269,120382,110854,162274,108724,104384
2019-08,488252,196803,294857,223107,106483,106644,121722,121939,114699,163003,111214,105128
2019-09,474154,200430,282012,208448,105164,106883,113003,121073,108379,164061,101451,101147
2019-10,518651,217646,323142,239537,119608,119812,132266,133197,125610,184345,120989,117445
2019-11,564102,240252,336949,250699,124336,123704,135147,140033,129946,192252,126162,120299
2019-12,596845,245821,352233,260771,133238,132382,140932,148778,136834,196793,132387,124336
2020-01,225828,93132,132031,99724,47389,48507,54045,54851,51794,77806,48489,47217
2020-02,212035,89739,124196,95285,48985,46020,50820,53142,48501,72962,47636,44434
2020-03,130227,52741,79385,57315,28653,29267,32227,32989,29012,44371,28445,28169
2020-04,17556,7502,10679,7908,4099,4065,4390,4689,4145,6140,4067,3873
2020-05,17602,7140,10420,8034,3847,3751,4425,4630,4018,5737,3899,3775
2020-06,20574,8356,12546,9363,4513,4696,5274,5252,4758,7013,4689,4348
2020-07,25694,10507,15921,11474,5928,5641,6378,6535,5848,8753,5880,5537
2020-08,29296,12477,17878,13492,6778,6579,7228,7730,6941,9816,6884,6601
2020-09,33348,13623,20624,15273,7914,7646,8381,8542,7949,11635,7760,7275
2020-10,42735,17637,26275,19873,9596,9602,10672,10876,10159,14075,9532,9232
2020-11,48108,20377,29698,22474,11504,11228,12140,12720,11861,16798,11093,11024
2020-12,57575,24154,34758,26299,12743,12982,14188,14340,13027,19930,12903,12335
2021-01,50179,21184,28992,21975,11104,11589,12447,12925,11417,16775,11383,10939
2021-02,52491,21397,31418,23419,11840,11846,12433,12649,12270,18081,11462,10921
2021-03,62142,26051,38516,28128,13841,13710,15286,15648,14121,21906,14382,13761
2021-04,44427,18947,27484,20458,10376,10264,11278,11589,10540,14892,10163,9722
2021-05,23321,10158,14804,10987,5387,5493,5883,6076,5426,8188,5368,5068
2021-06,26328,10869,16363,12030,5921,5946,6498,6659,5992,8951,5840,5600
2021-07,35359,14574,20395,15706,8012,8021,8792,8892,8001,11700,7919,7669
2021-08,42283,17407,24796,18151,9230,9320,10145,10372,9626,13947,9178,9034
2021-09,45868,19167,27925,20332,10289,10647,11145,11272,10355,15744,10385,10023
2021-10,60196,23161,35683,27210,12964,13143,14317,14700,13580,20578,13671,12729
2021-11,71016,28379,42600,30796,15460,15526,17885,17681,15719,23793,15324,14795
2021-12,82785,33663,49236,36604,18408,18437,19368,20906,18554,27021,18278,17734
2022-01,307442,130516,182724,138847,69200,69877,77089,77528,73133,106152,67554,65294
2022-02,298014,122630,178946,133853,67232,68102,71971,74005,67760,102048,68461,64297
2022-03,316286,132604,196213,147306,73853,74452,81142,85587,75865,111049,75041,70010
2022-04,320182,131570,190724,146932,70624,74073,78018,78786,73821,106190,70458,69614
2022-05,311096,125799,188549,141267,70981,69851,77750,75475,71015,103267,69340,66271
2022-06,290584,124463,174760,131919,65198,65561,71816,74517,69002,102207,65837,64032
2022-07,295148,124291,184340,137519,67962,68784,74912,78092,70252,101991,68113,62064
2022-08,306804,117591,177579,138009,69036,67016,74110,79186,70040,107966,68446,66727
2022-09,306755,123410,176045,133655,66917,65315,73102,74590,70270,101583,66619,64676
2022-10,339181,141085,199528,148930,77397,75325,81109,86364,78989,111886,76201,74412
2022-11,356772,148041,207756,160165,79174,78916,88680,92273,84830,123552,79451,77529
2022-12,376064,153550,223629,169127,83239,82234,90710,95153,86021,127110,84333,80096
2023-01,447052,183414,259372,203296,98183,96124,106620,109804,102368,149472,98475,96950
2023-02,424863,175412,255854,191824,91261,94238,99957,107170,97912,146527,96888,92135
2023-03,464974,195492,279518,210795,107271,104342,117276,120451,106930,162601,106725,102187
2023-04,444251,183171,268290,204344,99444,101981,108496,113820,104654,160160,98675,100515
2023-05,437533,181568,263005,197613,97751,100588,106625,112925,100010,148453,96131,95637
2023-06,423636,170307,247456,181782,92369,90093,100056,105147,98017,147735,91773,92079
2023-07,428845,175878,258802,192042,96105,95209,102549,105281,100172,144694,94885,92834
2023-08,437841,178875,256558,198217,99724,97831,108216,111927,102132,148641,98012,94718
2023-09,413939,176620,247782,187006,97086,96295,106825,106576,95889,143198,95034,91931
2023-10,488350,196391,289668,211190,108379,107514,116321,120865,110608,162203,110936,103856
2023-11,499840,199537,297094,224488,111386,115583,123325,130283,116545,171101,112598,109147
2023-12,541762,207993,304677,233788,118079,119514,130575,132358,124091,182295,118439,116220
2024-01,612676,249281,371300,274461,136961,140589,143585,150684,138355,206288,136330,128944
2024-02,573389,237374,366620,270765,130158,130272,140845,142965,135075,195239,130930,123245
2024-03,639704,268617,392671,293590,142237,147941,157498,166374,150371,215427,144871,141927
2024-04,629526,256531,384822,284817,139226,141761,158748,163493,141193,208527,143611,132782
2024-05,588838,246967,365537,270503,133914,133857,146708,150563,145616,206537,137664,129976
2024-06,568858,232724,326903,250071,124037,123024,137598,148212,132246,198908,129165,125828
2024-07,580655,246088,359647,262422,133922,133938,143980,146670,133947,201332,133367,126480
2024-08,596998,248999,362886,275577,137125,131628,151471,149894,140970,203477,133050,125499
2024-09,581937,234342,357203,269420,129249,131843,141942,146375,137247,198672,135236,125798
2024-10,673472,273737,403602,294836,148481,148305,160543,169790,155204,227725,152725,147572
2024-11,689318,288578,412722,311929,154216,160445,172105,175324,164386,227128,150247,153031
2024-12,727223,301401,426481,326232,169069,165605,179523,182784,167252,237926,163941,160323
2025-01,630205,264711,381973,286337,145840,140233,161567,166732,149720,211036,143087,144129
2025-02,589948,254895,365567,283041,137805,140514,154557,162706,143474,212932,135771,137893
2025-03,680554,282123,414834,301279,155638,157699,170896,169995,159643,238139,149760,147098
2025-04,672851,274930,401354,307561,150055,150562,171163,167353,151394,227337,149976,142635
2025-05,629775,276070,388221,284500,146527,143867,157380,164397,145340,219937,149114,140671
2025-06,603088,248511,362503,271553,135472,138650,144933,156389,139838,208203,133633,135157
2025-07,641978,263830,367353,286310,142078,136974,154632,160295,147057,214532,141789,140121
2025-08,648809,248669,379618,284355,138103,142842,159916,157851,148091,212636,140875,141670
2025-09,614935,258634,360920,288353,141013,139042,154585,153503,147065,210267,138988,133805
2025-10,696444,294335,425250,319909,158075,159560,172093,185664,158594,245140,161993,150653
2025-11,767926,310414,451812,331867,165202,165225,183179,191973,171759,247325,168311,163161
2025-12,781907,323483,462533,341394,170887,168490,191212,195706,177781,249197,169702,171389
2026-01,679291,285817,403155,316883,154042,155248,176479,179130,158544,231654,153537,150832
2026-02,657013,269956,406366,295132,153991,148112,167392,168024,155286,221266,145598,144284
2026-03,744415,302319,429714,320554,160079,159072,180555,189257,169559,238965,163736,158534
2026-04,728634,282409,419334,325142,159006,159327,173349,179138,165095,235652,160221,148868
2026-05,684222,281857,404569,305473,151087,149851,166519,169087,158644,226867,154757,144725
2026-06,637071,262859,396346,290887,144033,145882,152561,163113,154614,219730,144761,141300
2026-07,676304,265027,388187,300158,147589,153044,163052,162927,150813,215462,148883,144199
2026-08,667747,283329,413439,301385,145348,152836,167441,171610,158789,224367,156621,143754
2026-09,667137,263632,389281,303812,147176,150106,162872,166635,156387,223235,143130,141031
